Product ID,Product Available to User (Y/N),Product Category,Product,Product Description,dishcatid ,Material Description,Size/Options,Case Count (Units per Case),Gross Case Weight (lbs),Box Material,Box Weight as % of Gross Weight,Box Weight (lbs),Net Case Weight (lbs),Case Price ($),Unit Price ($),Item Weight (lbs),Item Weight (tons),Primary Material,,,,Secondary Material (Lining/Wrapper),Secondary Material % of Weight,Primary Material Weight per Unit (lbs),Second Material Weight per Unit (lbs),Brand,Manufacturer Model Number,Resource Link,,,,,,,,,
100,Y,Beverages,Cup,8 oz Glass Cup,8,Glass,8 oz,12,6.75,Corrugated Cardboard,12.5%,0.84,5.91,$2.28,$0.19,0.4922,0.0002,Glass,,,,,,0.4922,,"Guangzhou Yongli Glassware And Ceramic Co., Ltd.",,https://www.alibaba.com/product-detail/Wholesale-Cheap-8oz-Beer-Glass-Cup_1601104473372.html?spm=a2700.galleryofferlist.normal_offer.d_title.4bb213a0yPAFx9,,,,,,,,,
101,Y,Beverages,Cup,12 oz Glass Cup,8,Glass,12 oz,6,5.67,Corrugated Cardboard,12.5%,0.71,4.96,$3.84,$0.64,0.8269,0.0004,Glass,,,,,,0.8269,,"Huailai Golden Glass Co., Ltd.",,https://www.alibaba.com/product-detail/12oz-Reusable-Custom-Design-Dishwasher-Available_1601122847848.html?spm=a2700.galleryofferlist.d_title.i0.640313a0avwflr,,,,,,,,,
102,Y,Beverages,Cup,16 oz Glass Cup,8,Glass,16 oz,12,13.264,Corrugated Cardboard,12.5%,1.66,11.61,$3.84,$0.32,0.9672,0.0005,Glass,,,,,,0.9672,,"Guangzhou Yibao International Trading Co., Ltd.",,https://www.alibaba.com/product-detail/16-oz-American-Style-Round-Pint_1601280756779.html?spm=a2700.galleryofferlist.p_offer.d_title.2b5b13a0dyAMAg&s=p,,,,,,,,,
103,Y,Beverages,Mug,8 oz Ceramic Mug ,7,Ceramic ,8 oz,36,33.75,Corrugated Cardboard,12.5%,4.22,29.53,$45.02,$1.25,0.8203,0.0004,Ceramic ,,,,,,0.8203,,Acopa,,https://www.webstaurantstore.com/acopa-8-oz-ivory-american-white-rolled-edge-stoneware-mug-case/303TM8.html,,,,,,,,,20
104,Y,Beverages,Mug,12 oz Ceramic Mug ,7,Ceramic ,12 oz,36,44.66,Corrugated Cardboard,12.5%,5.58,39.08,$67.92,$1.89,1.0855,0.0005,Ceramic ,,,,,,1.0855,,Acopa,,https://www.webstaurantstore.com/acopa-8-oz-ivory-american-white-rolled-edge-stoneware-mug-case/303TM8.html,,,,,,,,,18500
105,Y,Beverages,Mug,16 oz Ceramic Mug ,7,Ceramic ,16 oz,6,6.829,Corrugated Cardboard,12.5%,0.85,5.98,$41.99,$7.00,0.9959,0.0005,Ceramic ,,,,,,0.9959,,Jucoan,,https://www.amazon.com/Jucoan-Porcelain-Ceramic-Restaurant-Cappuccino/dp/B0B1DN8CPY/ref=sr_1_4?crid=1QQWSZS7EO6TL&keywords=16+oz+restaurant+coffee+mugs&qid=1699844714&sprefix=16+oz+restaurant+coffee+mugs%2Caps%2C170&sr=8-4,,,,,,,,,
106,Y,Beverages,Mug,8 oz Melamine  Mug ,7,Melamine ,8 oz,24,7.7,Corrugated Cardboard,12.5%,0.96,6.74,$72.49,$3.02,0.2807,0.0001,Melamine ,,,,,,0.2807,,GET Enterprises,,https://www.webstaurantstore.com/get-c-107-iv-diamond-ivory-8-oz-mug-case/375C107IV.html,,,,,,,,,
107,Y,Beverages,Mug,12 oz Melamine  Mug ,7,Melamine ,12 oz,24,11.55,Corrugated Cardboard,12.5%,1.44,10.11,$72.49,$3.02,0.4211,0.0002,Melamine ,,,,,,0.4211,,GET Enterprises,,https://www.webstaurantstore.com/get-c-107-iv-diamond-ivory-8-oz-mug-case/375C107IV.html,,,,,,,,,
108,Y,Beverages,Mug,16 oz Melamine  Mug ,7,Melamine ,16 oz,24,15.4,Corrugated Cardboard,12.5%,1.93,13.48,$72.49,$3.02,0.5615,0.0003,Melamine ,,,,,,0.5615,,GET Enterprises,,https://www.webstaurantstore.com/get-c-107-iv-diamond-ivory-8-oz-mug-case/375C107IV.html,,,,,,,,,
109,Y,Beverages,Cup,8 oz Stainless Steel Cup,8,Stainless Steel ,8 oz,1,0.177,Corrugated Cardboard,12.5%,0.02,0.15,$21.99,$21.99,0.1549,0.0001,Stainless Steel ,,,,,,0.1549,,Resinta,,https://www.amazon.com/Ruisita-Stainless-Shatterproof-Drinking-Glasses/dp/B07P5YPRLB?th=1,,,,,,,,,
110,Y,Beverages,Cup,12 oz Stainless Steel Cup,8,Stainless Steel ,12 oz,1,0.236,Corrugated Cardboard,12.5%,0.03,0.21,$21.99,$21.99,0.2065,0.0001,Stainless Steel ,,,,,,0.2065,,Vollrath,,https://www.webstaurantstore.com/vollrath-68520-12-oz-stainless-steel-tumbler/92268520.html?utm_source=google&utm_medium=cpc&utm_campaign=GoogleShopping&gclid=CjwKCAiA98WrBhAYEiwA2WvhOgiTvo2hOzSTsWqv7mR1BjsHCideg60_Vc8W1eIS14o7_DRbvf9jgxoCvUIQAvD_BwE,,,,,,,,,
111,Y,Beverages,Cup,16 oz Stainless Steel Cup,8,Stainless Steel ,16 oz,1,0.354,Corrugated Cardboard,12.5%,0.04,0.31,$38.99,$38.99,0.3098,0.0002,Stainless Steel ,,,,,,0.3098,,SMLIXE,,https://www.amazon.com/SMLIXE-Stainless-Unbreakable-Stackable-Drinking/dp/B08Z3FB4M3/ref=sr_1_1_sspa?crid=2INH3XDJV8BBZ&keywords=stainless%2Bsteel%2Bcup&qid=1699844328&sprefix=stainless%2Bsteel%2Bcup%2Caps%2C182&sr=8-1-spons&sp_csd=d2lkZ2V0TmFtZT1zcF9hdGY&th=1,,,,,,,,,
112,Y,Beverages,Cup,8 oz Aluminum Cup ,8,Aluminum ,8 oz,50,1.662,Corrugated Cardboard,12.5%,0.21,1.45,$19.50,$0.39,0.0291,0.0000,Aluminum ,,,,,,0.0291,,Ball ,,https://www.amazon.com/Ball-Aluminum-Cup-Refillable-Recyclable/dp/B0BBHF9X3Y?maas=maas_adg_0D69480305E8A183CF7CDDF1133FD4DB_afap_abs&ref_=aa_maas&tag=maas&gclid=CjwKCAiA98WrBhAYEiwA2WvhOrqMBTr2Ey9c2SZDxuZ8eDOrcoE6ZqYBcDbwFbX2iB0Sft3Tr5NAPhoC4p0QAvD_BwE&th=1,,,,,,,,,
113,Y,Beverages,Cup,12 oz Aluminum Cup ,8,Aluminum ,12 oz,450,16.36,Corrugated Cardboard,12.5%,2.05,14.32,$209.99,$0.47,0.0318,0.0000,Aluminum ,,,,,,0.0318,,Ball ,,https://www.amazon.com/Ball-Aluminum-Cup-Refillable-Recyclable/dp/B0BBHF9X3Y?maas=maas_adg_0D69480305E8A183CF7CDDF1133FD4DB_afap_abs&ref_=aa_maas&tag=maas&gclid=CjwKCAiA98WrBhAYEiwA2WvhOrqMBTr2Ey9c2SZDxuZ8eDOrcoE6ZqYBcDbwFbX2iB0Sft3Tr5NAPhoC4p0QAvD_BwE&th=1,,,,,,,,,
114,Y,Beverages,Cup,16 oz Aluminum Cup ,8,Aluminum ,16 oz,600,108.34,Corrugated Cardboard,12.5%,13.54,94.80,$269.99,$0.45,0.1580,0.0001,Aluminum ,,,,,,0.1580,,Ball ,,https://www.amazon.com/Ball-Aluminum-Cup-Refillable-Recyclable/dp/B0BBHF9X3Y?maas=maas_adg_0D69480305E8A183CF7CDDF1133FD4DB_afap_abs&ref_=aa_maas&tag=maas&gclid=CjwKCAiA98WrBhAYEiwA2WvhOrqMBTr2Ey9c2SZDxuZ8eDOrcoE6ZqYBcDbwFbX2iB0Sft3Tr5NAPhoC4p0QAvD_BwE&th=1,,,,,,,,,
115,Y,Beverages,Cup,8 oz Recycled Aluminum Cup ,8,Recycled Aluminum ,8 oz,50,1.662,Corrugated Cardboard,12.5%,0.21,1.45,$19.50,$0.39,0.0291,0.0000,Aluminum ,,,,,,0.0291,,Ball ,,https://www.amazon.com/Ball-Aluminum-Cup-Refillable-Recyclable/dp/B0BBHF9X3Y?maas=maas_adg_0D69480305E8A183CF7CDDF1133FD4DB_afap_abs&ref_=aa_maas&tag=maas&gclid=CjwKCAiA98WrBhAYEiwA2WvhOrqMBTr2Ey9c2SZDxuZ8eDOrcoE6ZqYBcDbwFbX2iB0Sft3Tr5NAPhoC4p0QAvD_BwE&th=1,,,,,,,,,
116,Y,Beverages,Cup,12 oz Recycled Aluminum Cup ,8,Recycled Aluminum ,12 oz,450,16.36,Corrugated Cardboard,12.5%,2.05,14.32,$209.99,$0.47,0.0318,0.0000,Aluminum ,,,,,,0.0318,,Ball ,,https://www.amazon.com/Ball-Aluminum-Cup-Refillable-Recyclable/dp/B0BBHF9X3Y?maas=maas_adg_0D69480305E8A183CF7CDDF1133FD4DB_afap_abs&ref_=aa_maas&tag=maas&gclid=CjwKCAiA98WrBhAYEiwA2WvhOrqMBTr2Ey9c2SZDxuZ8eDOrcoE6ZqYBcDbwFbX2iB0Sft3Tr5NAPhoC4p0QAvD_BwE&th=1,,,,,,,,,
117,Y,Beverages,Cup,16 oz Recycled Aluminum Cup ,8,Recycled Aluminum ,16 oz,600,108.34,Corrugated Cardboard,12.5%,13.54,94.80,$269.99,$0.45,0.1580,0.0001,Aluminum ,,,,,,0.1580,,Ball ,,https://www.amazon.com/Ball-Aluminum-Cup-Refillable-Recyclable/dp/B0BBHF9X3Y?maas=maas_adg_0D69480305E8A183CF7CDDF1133FD4DB_afap_abs&ref_=aa_maas&tag=maas&gclid=CjwKCAiA98WrBhAYEiwA2WvhOrqMBTr2Ey9c2SZDxuZ8eDOrcoE6ZqYBcDbwFbX2iB0Sft3Tr5NAPhoC4p0QAvD_BwE&th=1,,,,,,,,,
118,Y,Beverages,Cup,8 oz Polypropylene Cup ,8,Plastic (#5 PP),8 oz,48,4.95,Corrugated Cardboard,12.5%,0.62,4.33,$41.99,$0.87,0.0902,0.0000,Plastic (#5 PP),,,,,,0.0902,,Meanplan,,https://www.amazon.com/Restaurant-Resistant-Drinking-Stackable-Shatterproof/dp/B09VZ4JC9X/ref=sr_1_1?crid=VBZMSN301QU6&keywords=8%2Boz%2Breusable%2Bplastic%2Bcups&qid=1702010085&sprefix=oz%2Breusable%2Bplastic%2Bcups%2Caps%2C485&sr=8-1&th=1,,,,,,,,,
119,Y,Beverages,Cup,12 oz Polypropylene Cup ,8,Plastic (#5 PP),12 oz,24,4.95,Corrugated Cardboard,12.5%,0.62,4.33,$33.19,$1.38,0.1805,0.0001,Plastic (#5 PP),,,,,,0.1805,,Avant Grub,,https://www.amazon.com/Restaurant-Resistant-Stackable-Shatterproof-Tumblers/dp/B082J3PPCX/ref=sr_1_1?crid=2WG3SYDYRU3R7&keywords=12%2Boz%2Breusable%2Bplastic%2Bcups&qid=1702010264&sprefix=8%2Boz%2Breusable%2Bplastic%2Bcups%2Caps%2C279&sr=8-1&th=1,,,,,,,,,
120,Y,Beverages,Cup,16 oz Polypropylene Cup ,8,Plastic (#5 PP),16 oz,8,1.485,Corrugated Cardboard,12.5%,0.19,1.30,$21.99,$2.75,0.1624,0.0001,Plastic (#5 PP),,,,,,0.1624,,Amazing Abby,,https://www.alibaba.com/product-detail/Wholesale-Customized-Branded-Logo-Reusable-16_1601050145057.html?spm=a2700.galleryofferlist.normal_offer.d_title.435c13a0yvlxI1,,,,,,,,,
121,Y,Beverages,Cup,8 oz SAN Plastic Cup ,8,SAN Plastic,8 oz,12,1.12,Corrugated Cardboard,12.5%,0.14,0.98,$4.99,$0.42,0.0817,0.0000,SAN Plastic,,,,,,0.0817,,Choice ,,https://www.webstaurantstore.com/choice-8-oz-clear-san-plastic-pebbled-tumbler-pack/1768STPEBCL.html?utm_source=google&utm_medium=cpc&utm_campaign=GoogleShopping&gclid=Cj0KCQiAoeGuBhCBARIsAGfKY7wTn7l99hNR0baA-LTUwdXhMeb6zZ2DfacxueE_z_7teAxI9XMhK1oaArt6EALw_wcB,,,,,,,,,
122,Y,Beverages,Cup,12 oz SAN Plastic Cup ,8,SAN Plastic,12 oz,12,1.55,Corrugated Cardboard,12.5%,0.19,1.36,$4.48,$0.37,0.1130,0.0001,SAN Plastic,,,,,,0.1130,,Choice ,,https://www.webstaurantstore.com/choice-12-oz-clear-san-plastic-pebbled-tumbler-pack/17612STPEBCL.html?utm_source=google&utm_medium=cpc&utm_campaign=GoogleShopping&gclid=Cj0KCQiAoeGuBhCBARIsAGfKY7wZjWdCMnAv8suFcX0xEnFRzw6EXJmOJ3Wu4OogxGsKMA4Lx4CecLwaAkkoEALw_wcB,,,,,,,,,
123,Y,Beverages,Cup,16 oz SAN Plastic Cup ,8,SAN Plastic,16 oz,24,7.8,Corrugated Cardboard,12.5%,0.98,6.83,$31.04,$1.29,0.2844,0.0001,SAN Plastic,,,,,,0.2844,,Choice ,,https://www.webstaurantstore.com/choice-16-oz-san-stackable-plastic-mixing-pint-glass-case/176BWSBEVG16.html?utm_source=google&utm_medium=cpc&utm_campaign=GoogleShopping&gclid=Cj0KCQiAoeGuBhCBARIsAGfKY7x9OvNAqkFfoo7rsfQSShgCrlSt0vnDBa0G7meAEz_EOTklm9tOEwwaAq28EALw_wcB,,,,,,,,,
124,Y,Utensils,Fork,Stainless Steel Fork,12,Stainless Steel ,Standard,70,5.625,Corrugated Cardboard,12.5%,0.70,4.92,$3.33,$0.05,0.0703,0.0000,Stainless Steel ,,,,,,0.0703,,"Guangdong Hongzhixing Industry Co., Ltd.",,https://www.alibaba.com/product-detail/4pcs-Stainless-Steel-Cutlery-Set-Dishwasher_1601001146391.html?spm=a2700.galleryofferlist.p_offer.d_title.7ff713a05Iacyz&s=p,,,,,,,,,
125,Y,Utensils,Spoon,Stainless Steel Spoon ,12,Stainless Steel ,Standard,70,5.625,Corrugated Cardboard,12.5%,0.70,4.92,$3.33,$0.05,0.0703,0.0000,Stainless Steel ,,,,,,0.0703,,"Guangdong Hongzhixing Industry Co., Ltd.",,https://www.alibaba.com/product-detail/4pcs-Stainless-Steel-Cutlery-Set-Dishwasher_1601001146391.html?spm=a2700.galleryofferlist.p_offer.d_title.7ff713a05Iacyz&s=p,,,,,,,,,
126,Y,Utensils,Knife,Stainless Steel Knife ,12,Stainless Steel ,Standard,70,5.625,Corrugated Cardboard,12.5%,0.70,4.92,$3.33,$0.05,0.0703,0.0000,Stainless Steel ,,,,,,0.0703,,"Guangdong Hongzhixing Industry Co., Ltd.",,https://www.alibaba.com/product-detail/4pcs-Stainless-Steel-Cutlery-Set-Dishwasher_1601001146391.html?spm=a2700.galleryofferlist.p_offer.d_title.7ff713a05Iacyz&s=p,,,,,,,,,
127,Y,Utensils,Fork,Recycled Stainless Steel Fork,12,Recycled Stainless Steel ,Standard,70,5.625,Corrugated Cardboard,12.5%,0.70,4.92,$70.00,$1.00,0.0703,0.0000,Recycled Stainless Steel ,,,,,,0.0703,,Mikasa,,https://ahimsaschools.com/products/commercial-forks,,,,,,,,,
128,Y,Utensils,Spoon,Recycled Stainless Steel Spoon ,12,Recycled Stainless Steel ,Standard,70,5.625,Corrugated Cardboard,12.5%,0.70,4.92,$70.00,$1.00,0.0703,0.0000,Recycled Stainless Steel ,,,,,,0.0703,,Mikasa,,https://ahimsaschools.com/products/commercial-spoons,,,,,,,,,
129,Y,Utensils,Knife,Recycled Stainless Steel Knife ,12,Recycled Stainless Steel ,Standard,70,5.625,Corrugated Cardboard,12.5%,0.70,4.92,$105.00,$1.50,0.0703,0.0000,Recycled Stainless Steel ,,,,,,0.0703,,Mikasa,,https://ahimsaschools.com/products/knives,,,,,,,,,
130,Y,Utensils,Fork,Durable PP Fork,12,Plastic (#5 PP),Standard,24,0.7383,Corrugated Cardboard,12.5%,0.09,0.65,$9.99,$0.42,0.0269,0.0000,Plastic (#5 PP),,,,,,0.0269,,Zoyiancy,,https://www.amazon.com/Cutlery-Reusable-Flatware-Utensils-Camping/dp/B0BFDJK5CZ/ref=sr_1_5?keywords=reusable%2Bplastic%2Butensils&qid=1699769795&sr=8-5&th=1,https://www.webstaurantstore.com/design-specialties-al-142-6-almond-polycarbonate-teaspoon-pack/205AL142.html,,,,,,,,
131,Y,Utensils,Spoon,Durable PP Spoon ,12,Plastic (#5 PP),Standard,24,0.7383,Corrugated Cardboard,12.5%,0.09,0.65,$9.99,$0.42,0.0269,0.0000,Plastic (#5 PP),,,,,,0.0269,,Zoyiancy,,https://www.amazon.com/Cutlery-Reusable-Flatware-Utensils-Camping/dp/B0BFDJK5CZ/ref=sr_1_5?keywords=reusable%2Bplastic%2Butensils&qid=1699769795&sr=8-5&th=1,,,,,,,,,
132,Y,Utensils,Knife,Durable PP Knife ,12,Plastic (#5 PP),Standard,24,0.7383,Corrugated Cardboard,12.5%,0.09,0.65,$9.99,$0.42,0.0269,0.0000,Plastic (#5 PP),,,,,,0.0269,,Zoyiancy,,https://www.amazon.com/Cutlery-Reusable-Flatware-Utensils-Camping/dp/B0BFDJK5CZ/ref=sr_1_5?keywords=reusable%2Bplastic%2Butensils&qid=1699769795&sr=8-5&th=1,,,,,,,,,
133,Y,Foodware ,Clamshell,Durable PP Clamshell- 9in x 9in x 3in,6,Plastic (#5 PP),"9"" x 9""",12,7.875,Corrugated Cardboard,12.5%,0.98,6.89,$34.87,$2.91,0.5742,0.0003,Plastic (#5 PP),,,,,,0.5742,,Eco-Takeouts,,https://www.getserveware.com/product/3-compartment-polypropylene-clear-food-reusable-container-9-l-x-9-l-x-3-5-h-g-e-t-eco-takeouts-ec-09-1-cl/,,,,,,,,,
134,Y,Foodware ,Clamshell,Durable PP Clamshell- 5in x 5in x 3in,2,Plastic (#5 PP),"5"" x 5"" ",24,5.44,Corrugated Cardboard,12.5%,0.68,4.76,$29.75,$1.24,0.1983,0.0001,Plastic (#5 PP),,,,,,0.1983,,GET Enterprises,,https://www.webstaurantstore.com/get-ec-08-4-3-4-x-4-3-4-x-3-1-4-jade-green-reusable-eco-takeouts-container-case/375EC08JA.html,,,,,,,,,
135,Y,Foodware ,Clamshell,Durable HDPE Clamshell- 9in x 9in x 3in,6,HDPE ,"9"" x 9""",1,0.506,Corrugated Cardboard,12.5%,0.06,0.44,$6.00,$6.00,0.4428,0.0002,HDPE ,,,,,,0.4428,,Buoy,,https://buoy.eco/shop/buoy-reusable-food-container-64oz-1-9l-lid-without-ventilation/,,,,,,,,,
136,Y,Foodware ,Clamshell,Durable HDPE Clamshell- 5in x 5in x 3in,2,HDPE ,"5"" x 5"" ",1,0.3696,Corrugated Cardboard,12.5%,0.05,0.32,$6.00,$6.00,0.3234,0.0002,HDPE ,,,,,,0.3234,,Buoy,,https://buoy.eco/shop/buoy-reusable-food-container-64oz-1-9l-lid-without-ventilation/,,,,,,,,,
137,Y,Foodware ,Plate,Large Polypropylene Plate ,16,Plastic (#5 PP),"9"" x 9""",10,2.48,Corrugated Cardboard,12.5%,0.31,2.17,$24.12,$2.41,0.2170,0.0001,Plastic (#5 PP),,,,,,0.2170,,Gilac ,,https://eleven36.com/Eleven-36/Disposables/To-Go-Containers/Reusable-To-Go-Containers/GET-Enterprises-EC-26-1-JA-32-oz-Polypropylene-Jade-Reusable-Soup-Container-41-oz-Rim-Full-6-5-Top-Dia-3-25-Tall-Reusable-Takeout-Container/p/sku-00097013,,,,,,,,,
138,Y,Foodware ,Plate,Small Polypropylene Plate ,16,Plastic (#5 PP),"5"" x 5"" ",10,1.24,Corrugated Cardboard,12.5%,0.16,1.09,$24.12,$2.41,0.1085,0.0001,Plastic (#5 PP),,,,,,0.1085,,Gilac ,,https://eleven36.com/Eleven-36/Disposables/To-Go-Containers/Reusable-To-Go-Containers/GET-Enterprises-EC-26-1-JA-32-oz-Polypropylene-Jade-Reusable-Soup-Container-41-oz-Rim-Full-6-5-Top-Dia-3-25-Tall-Reusable-Takeout-Container/p/sku-00097013,,,,,,,,,
139,Y,Foodware ,Plate,Large HDPE  Plate ,16,HDPE ,"9"" x 9""",10,2.48,Corrugated Cardboard,12.5%,0.31,2.17,$24.12,$2.41,0.2170,0.0001,HDPE ,,,,,,0.2170,,Gilac ,,https://www.gilac.com/en/plate/167-gilactiv-plates-pack-of-10-3573678684461.html,,,,,,,,,
140,Y,Foodware ,Plate,Small HDPE  Plate ,16,HDPE ,"5"" x 5"" ",10,1.24,Corrugated Cardboard,12.5%,0.16,1.09,$24.12,$2.41,0.1085,0.0001,HDPE ,,,,,,0.1085,,Gilac ,,https://www.gilac.com/en/plate/167-gilactiv-plates-pack-of-10-3573678684461.html,,,,,,,,,
141,Y,Foodware ,Plate,Large Ceramic Plate ,16,Ceramic ,"9"" x 9""",8,8.73,Corrugated Cardboard,12.5%,1.09,7.64,$4.80,$0.60,0.9548,0.0005,Ceramic ,,,,,,0.9548,,"Guangzhou Garbo International Trading Co., Ltd.",,https://www.alibaba.com/product-detail/Wholesale-Ceramic-New-Dot-Design-Hotel_1600257349482.html?spm=a2700.galleryofferlist.topad_classic.d_title.6ed213a0bXZPbl,,,,,,,,,
142,Y,Foodware ,Plate,Small Ceramic Plate ,16,Ceramic ,"5"" x 5"" ",30,13.3,Corrugated Cardboard,12.5%,1.66,11.64,$52.99,$1.77,0.3879,0.0002,Ceramic ,,,,,,0.3879,,XINLTC,,https://www.amazon.com/XINLTC-Ceramic-Appetizer-Microwave-Dishwasher/dp/B0B6W2BWR6/ref=sr_1_20_sspa?dib=eyJ2IjoiMSJ9.0Wgc0XKmoj1DerCyOCsfG38H0m9jwCNHz4xjzpcfdxGbo5WIyvNI0JOsCFoXcfxrMIsRpQ8aJuBwQ5CZvo28M7YzpWTiIYw2cHgoXM8cE36r0PnhKWPz9ETKbQQ5y5fCmJp_YsU6lR0TcEhNy6UKzX8Oa7ffwrG8ZYEmKLsA8PxL1e2EIkwq026LdL-i-KIom9iqH0vep1GOdefUPtbi1UsUgOam6BAhbX0L2xGWPJ9AxgJbIvgZlXyZj-LmrTgRzZVEooCtPMd9O30YXOaxmGrX7xB1C6fc6cFPh9zXU1A.FjhamYfmfh90Vfys7PpnbBzfKbqXO5wdfpBv1TMEhtY&dib_tag=se&hvadid=580695286724&hvdev=c&hvlocphy=9031042&hvnetw=g&hvqmt=e&hvrand=13659110793126508147&hvtargid=kwd-310897826076&hydadcr=21446_13322358&keywords=small%2Breusable%2Bplastic%2Bplates&qid=1708627382&sr=8-20-spons&sp_csd=d2lkZ2V0TmFtZT1zcF9tdGY&th=1,,,,,,,,,
143,Y,Foodware ,Plate,Large Stainless Steel Plate ,16,Stainless Steel ,"9"" x 9""",1,0.57,Corrugated Cardboard,12.5%,0.07,0.50,$6.99,$6.99,0.4988,0.0002,Stainless Steel ,,,,,,0.4988,,Choice,,https://www.webstaurantstore.com/sizzler-7x10-5-aluminum/471ALMSZ10.html?utm_source=google&utm_medium=cpc&utm_campaign=GoogleShopping&gclid=CjwKCAiA_tuuBhAUEiwAvxkgTubL29yPcnzzLKjhCqSxCvlDT2aFFCurpBFi4Kl94Eep_K8CtA8wtRoCh_8QAvD_BwE,,,,,,,,,
144,Y,Foodware ,Plate,Small Stainless Steel Plate ,16,Stainless Steel ,"5"" x 5"" ",1,0.1,Corrugated Cardboard,12.5%,0.01,0.09,$3.29,$3.29,0.0875,0.0000,Stainless Steel ,,,,,,0.0875,,Choice,,https://www.webstaurantstore.com/choice-6-x-1-2-round-aluminum-sizzler-platter/471ALMSZRD6.html,,,,,,,,,
145,Y,Foodware ,Plate,Large SAN Plastic Plate ,16,SAN Plastic ,"9"" x 9""",12,7.5,Corrugated Cardboard,12.5%,0.94,6.56,$52.49,$4.37,0.5469,0.0003,SAN Plastic ,,,,,,0.5469,,GET Enterprises,,https://www.webstaurantstore.com/get-ebt-1300-w-13-round-white-san-plastic-economy-bar-tray-case/375EBT1300.html?utm_source=google&utm_medium=cpc&utm_campaign=GoogleShopping&gclid=CjwKCAiAuNGuBhAkEiwAGId4arJMA_KVuw_OnI8F6oLhK2jktwJYudz26xEnanRH-1jfE-KwYbz2whoCQ5gQAvD_BwE,,,,,,,,,
146,Y,Foodware ,Plate,Small SAN Plastic Plate ,16,SAN Plastic ,"5"" x 5"" ",12,3.2,Corrugated Cardboard,12.5%,0.40,2.80,$13.49,$1.12,0.2333,0.0001,SAN Plastic ,,,,,,0.2333,,Acopa Foundations,,https://www.webstaurantstore.com/acopa-foundations-6-1-2-white-narrow-rim-melamine-plate-case/304FND106W.html?utm_source=google&utm_medium=cpc&utm_campaign=GoogleShopping&gclid=CjwKCAiA_tuuBhAUEiwAvxkgTn1TDrC_z7uxLLD0-8FzYTmpfCx7ryoZ9XhYG0XOPP5xyfJ3VxudkBoCxqwQAvD_BwE,,,,,,,,,
147,Y,Foodware ,Food Tray,Stainless Steel Tray- 9in x 9in x 3in,16,Stainless Steel ,"9"" x 9""",4,4.5,Corrugated Cardboard,12.5%,0.56,3.94,$27.99,$7.00,0.9844,0.0005,Stainless Steel ,,,,,,0.9844,,WG inc,,https://www.amazon.com/WG-Stainless-Divided-Compartment-Control/dp/B0991PQR1R/ref=sr_1_3?crid=34EW9IK16A811&keywords=restaurant%2Bstainless%2Bsteel%2B3%2Bcompartment%2Btray&qid=1702443241&s=home-garden&sprefix=restaurant%2Bstainless%2Bsteel%2B3%2Bcompartment%2Btray%2B%2Cgarden%2C155&sr=1-3&th=1,,,,,,,,,
148,Y,Foodware ,Food Tray,Stainless Steel Tray- 5in x 5in x 3in,16,Stainless Steel ,"5"" x 5"" ",1,0.39375,Corrugated Cardboard,12.5%,0.05,0.34,$6.36,$6.36,0.3445,0.0002,Stainless Steel ,,,,,,0.3445,,Clipper Mill,,https://www.webstaurantstore.com/clipper-mill-by-get-4-80868-6-x-4-1-2-stainless-steel-boat-tray/375480868.html,,,,,,,,,
149,Y ,Foodware ,Plate,Large Melamine Dinner Plate ,16,Melamine ,"11"" x 11""",12,7.78,Corrugated Cardboard,12.5%,0.97,6.81,$56.69,$4.72,0.5673,0.0003,Melamine ,,,,,,0.5673,,Acopa Foundations,,https://www.webstaurantstore.com/acopa-lunar-11-round-white-coupe-melamine-plate-pack/304MCOUPE11.html?utm_source=google&utm_medium=cpc&gbraid=0AAAAAD_Dx-uGK01XkxEPXDlqEieERnXEP&gclid=Cj0KCQjwt8zABhDKARIsAHXuD7aOwF_CqC1UbvNZmtifw_tXYkqSdm0ZuM5VjkhU-OXH5ETT7gmW1YMaAspjEALw_wcB,,,,,,,,,
150,Y,Foodware ,Plate,Large Melamine Plate ,16,Melamine ,"9"" x 9""",24,9,Corrugated Cardboard,12.5%,1.13,7.88,$59.81,$2.49,0.3281,0.0002,Melamine ,,,,,,0.3281,,GET Enterprises,,https://www.webstaurantstore.com/get-op-610-w-white-10-supermel-platter-case/375OP610W.html,,,,,,,,,
151,Y,Foodware ,Plate,Small Melamine Plate ,16,Melamine ,"5"" x 5"" ",24,2.97,Corrugated Cardboard,12.5%,0.37,2.60,$15.12,$0.63,0.1083,0.0001,Melamine ,,,,,,0.1083,,TableCraft Products,,https://www.culinarydepotinc.com/tablecraft-products-10311w-3-1-4-oz-4-w-x-4-d-x-1-h-mini-plate/?wickedsource=google&wickedid=CjwKCAiA_tuuBhAUEiwAvxkgThusx5F-zBwLD1Lm96MQB7bfge852L4V_Kxs-EUqihvhWHn9f2S1ZRoC29IQAvD_BwE&wickedid=676688228040&wcid=20637746292&wv=4&keyword=&gad_source=1&gclid=CjwKCAiA_tuuBhAUEiwAvxkgThusx5F-zBwLD1Lm96MQB7bfge852L4V_Kxs-EUqihvhWHn9f2S1ZRoC29IQAvD_BwE,,,,,,,,,
152,Y,Foodware ,Food Tray,Recycled Stainless Steel Tray- 9in x 9in x 3in,16,Recycled Stainless Steel ,"9"" x 9""",1,1.035,Corrugated Cardboard,12.5%,0.13,0.91,$8.85,$8.85,0.9056,0.0005,Recycled Stainless Steel ,,,,,,0.9056,,Ahimsa ,,https://ahimsaschools.com/products/cafeteria-tray,,,,,,,,,
153,Y,Foodware ,Food Tray,Recycled Stainless Steel Tray- 5in x 5in x 3in,16,Recycled Stainless Steel ,"5"" x 5"" ",1,0.39375,Corrugated Cardboard,12.5%,0.05,0.34,$9.90,$9.90,0.3445,0.0002,Recycled Stainless Steel ,,,,,,0.3445,,Ahimsa ,,https://ahimsaschools.com/products/compartment-plates,,,,,,,,,
154,Y,Foodware ,Bowl,Small Polypropylene Bowl ,3,Plastic (#5 PP),"5""",24,6.3,Corrugated Cardboard,12.5%,0.79,5.51,$96.00,$4.00,0.2297,0.0001,Plastic (#5 PP),,,,,,0.2297,,GET Enterprises,,https://eleven36.com/Eleven-36/Disposables/To-Go-Containers/Reusable-To-Go-Containers/GET-Enterprises-EC-26-1-JA-32-oz-Polypropylene-Jade-Reusable-Soup-Container-41-oz-Rim-Full-6-5-Top-Dia-3-25-Tall-Reusable-Takeout-Container/p/sku-00097013,,,,,,,,,
155,Y,Foodware ,Bowl,Large Polypropylene Bowl ,4,Plastic (#5 PP),"9""",10,2.48,Corrugated Cardboard,12.5%,0.31,2.17,$24.12,$2.41,0.2170,0.0001,Plastic (#5 PP),,,,,,0.2170,,Gilac ,,https://eleven36.com/Eleven-36/Disposables/To-Go-Containers/Reusable-To-Go-Containers/GET-Enterprises-EC-26-1-JA-32-oz-Polypropylene-Jade-Reusable-Soup-Container-41-oz-Rim-Full-6-5-Top-Dia-3-25-Tall-Reusable-Takeout-Container/p/sku-00097013,,,,,,,,,
156,Y,Foodware ,Bowl,Large HDPE  Bowl ,4,HDPE ,"9""",1,0.506,Corrugated Cardboard,12.5%,0.06,0.44,$6.00,$6.00,0.4428,0.0002,HDPE ,,,,,,0.4428,,Buoy,,https://buoy.eco/shop/buoy-reusable-food-container-64oz-1-9l-lid-without-ventilation/,,,,,,,,,
157,Y,Foodware ,Bowl,Small HDPE  Bowl ,3,HDPE ,"5""",1,0.3696,Corrugated Cardboard,12.5%,0.05,0.32,$6.00,$6.00,0.3234,0.0002,HDPE ,,,,,,0.3234,,Buoy,,https://buoy.eco/shop/buoy-reusable-food-container-64oz-1-9l-lid-without-ventilation/,,,,,,,,,
158,Y,Foodware ,Bowl,Large Ceramic Bowl ,4,Ceramic ,"9""",36,40,Corrugated Cardboard,12.5%,5.00,35.00,$18.72,$0.52,0.9722,0.0005,Ceramic ,,,,,,0.9722,,"Yantai Deyu International Trade Co., Ltd.",,https://www.alibaba.com/product-detail/HOT-Wholesale-5-5-9-Inch_1601106822673.html?spm=a2700.galleryofferlist.normal_offer.d_title.759913a0C7CIva,,,,,,,,,
159,Y,Foodware ,Bowl,Small Ceramic Bowl ,3,Ceramic ,"5""",36,17,Corrugated Cardboard,12.5%,2.13,14.88,$6.84,$0.19,0.4132,0.0002,Ceramic ,,,,,,0.4132,,"Yantai Deyu International Trade Co., Ltd.",,https://www.alibaba.com/product-detail/HOT-Wholesale-5-5-9-Inch_1601106822673.html?spm=a2700.galleryofferlist.normal_offer.d_title.759913a0C7CIva,,,,,,,,,
160,Y,Foodware ,Bowl,Small Stainless Steel Bowl ,3,Stainless Steel ,"5""",4,1.433005,Corrugated Cardboard,12.5%,0.18,1.25,$10.00,$2.50,0.3135,0.0002,Stainless Steel ,,,,,,0.3135,,LIfe Without Plastic ,,https://lifewithoutplastic.com/set-of-4-stainless-steel-bowl-12-cm-4-75/#product-additional-info,,,,,,,,,
161,Y,Foodware ,Bowl,Large Stainless Steel Bowl ,4,Stainless Steel ,"9""",4,1.8,Corrugated Cardboard,12.5%,0.23,1.58,$20.00,$5.00,0.3938,0.0002,Stainless Steel ,,,,,,0.3938,,LIfe Without Plastic ,,https://lifewithoutplastic.com/set-of-4-stainless-steel-bowl-12-cm-4-75/#product-additional-info,,,,,,,,,
162,Y,Foodware ,Bowl,Large SAN Plastic Bowl ,4,SAN Plastic ,"9""",1,0.2925,Corrugated Cardboard,12.5%,0.04,0.26,$2.72,$2.72,0.2559,0.0001,SAN Plastic ,,,,,,0.2559,,Cambro,,https://www.gofoodservice.com/p/cambro-sb80110,,,,,,,,,
163,Y,Foodware ,Bowl,Small SAN Plastic Bowl ,3,SAN Plastic ,"5""",1,0.135,Corrugated Cardboard,12.5%,0.02,0.12,$1.34,$1.34,0.1181,0.0001,SAN Plastic ,,,,,,0.1181,,Cambro,,https://www.gofoodservice.com/p/cambro-sb60110,,,,,,,,,
164,Y,Foodware ,Bowl,Large Melamine Bowl ,4,Melamine ,"9""",1,0.844,Corrugated Cardboard,12.5%,0.11,0.74,$5.04,$5.04,0.7385,0.0004,Melamine ,,,,,,0.7385,,GET Enterprises,,https://www.webstaurantstore.com/get-b-4000-w-settlement-40-oz-ivory-american-white-melamine-bowl/375B4000W.html?utm_source=google&utm_medium=cpc&utm_campaign=GoogleShopping&gclid=CjwKCAiA_tuuBhAUEiwAvxkgThBQlAnuNaYMemZSavxdbak0CEWiGfo_lD5k_qDjyMIPm5ZitRa6XRoCr-AQAvD_BwE,,,,,,,,,
165,Y,Foodware ,Bowl,Small Melamine Bowl ,3,Melamine ,"5""",12,3.02,Corrugated Cardboard,12.5%,0.38,2.64,$23.49,$1.96,0.2202,0.0001,Melamine ,,,,,,0.2202,,Thunder Group,,https://www.webstaurantstore.com/thunder-group-ns315w-15-oz-narrow-rim-nustone-white-melamine-bowl-5-1-4-diameter-pack/271NS315WH.html?utm_source=google&utm_medium=cpc&utm_campaign=GoogleShopping&gclid=CjwKCAiA_tuuBhAUEiwAvxkgTij3kr7xwE86MXZQSMcywHJnoSY0sEoXFU2A90ENLMYLHjMeZMlK2hoCD10QAvD_BwE,,,,,,,,,
166,Y,Condiments ,Ramekin,Melamine Ramekin ,10,Melamine ,2 oz ,12,1.39,Corrugated Cardboard,12.5%,0.17,1.22,$5.11,$0.43,0.1014,0.0001,Melamine ,,,,,,0.1014,,Acopa Foundations,,https://www.webstaurantstore.com/acopa-2-oz-white-fluted-melamine-ramekin-case/304RAM2FW.html?utm_source=google&utm_medium=cpc&utm_campaign=GoogleShopping&gclid=CjwKCAiA_tuuBhAUEiwAvxkgTr3EwHFfkIpt6FTE1zgrP-K9G1E_Ie4Cyun396_iAh7BLdWzAWvu1hoCrUUQAvD_BwE,,,,,,,,,
167,Y,Condiments ,Ramekin,Ceramic Ramekin ,10,Ceramic ,2 oz ,48,13.31,Corrugated Cardboard,12.5%,1.66,11.65,$60.49,$1.26,0.2426,0.0001,Ceramic ,,,,,,0.2426,,Tuxton,,https://www.webstaurantstore.com/tuxton-bpx-0203-duratux-2-oz-bright-white-smooth-china-pipkin-ramekin-case/303SRAM2PWH.html?utm_source=google&utm_medium=cpc&utm_campaign=GoogleShopping&gclid=CjwKCAiA_tuuBhAUEiwAvxkgTmxRv5yGIB2xH0FZHLDwJom5WBMR71IRJmlWmBAdtUN93jHNtMhtcxoCFXIQAvD_BwE,,,,,,,,,
168,Y,Condiments ,Ramekin,Stainless Steel Ramekin ,10,Stainless Steel ,2 oz ,12,0.7875,Corrugated Cardboard,12.5%,0.10,0.69,$3.36,$0.28,0.0574,0.0000,Stainless Steel ,,,,,,0.0574,,"Yiwu Lvya Imp&exp Co., Ltd.",,https://www.alibaba.com/product-detail/Wholesale-2-5-oz-Stainless-Steel_1600964011901.html?spm=a2700.galleryofferlist.normal_offer.d_title.44be13a0lw3cM3,,,,,,,,,
169,Y,Beverages,Cup,16 oz Polycarbonate Cup,8,Polycarbonate,16 oz,24,12,Corrugated Cardboard,12.5%,1.50,10.50,$154.49,$6.44,0.4375,0.0002,Polycarbonate,,,,,,0.4375,,Carlisle,,https://www.webstaurantstore.com/16-oz-plastic-pilsner-glass-case/2715649.html,,,,,,,,,
170,Y,Beverages,Cup,22 oz Polycarbonate Cup,8,Polycarbonate,22 oz,36,10.5,Corrugated Cardboard,12.5%,1.31,9.19,$92.49,$2.57,0.2552,0.0001,Polycarbonate,,,,,,0.2552,,Cambro,,https://www.webstaurantstore.com/cambro-ht22cw196-camwear-huntington-22-oz-azure-blue-customizable-plastic-tumbler-case/214HT22CWBL.html,,,,,,,,,
171,Y,Beverages,Drinking Water Station,Tap Drinking Water Station,0,,,,,,,,,,,,,,,,,,,,,,,,,,,,,,,,
172,Y,Beverages ,Cup,8 oz Polycarbonate Cup,8,Polycarbonate,8 oz,12,1.12,Corrugated Cardboard,12.5%,0.14,0.98,$5.19,$0.43,0.0817,0.0000,Polycarbonate,,,,,,0.0817,,Choice ,,https://www.webstaurantstore.com/choice-8-oz-clear-san-plastic-pebbled-tumbler-pack/1768STPEBCL.html?utm_source=google&utm_medium=cpc&gbraid=0AAAAAD_Dx-srLJTrpS7cHificqLQOXbbx&gclid=CjwKCAjwtfvEBhAmEiwA-DsKjt-0i2wI0LEJvId2rgkYOUZNwZS-ClCMCok7JcKNsp0B0doS5fLPLBoCRDYQAvD_BwE,,,,,,,,,,,,,,