Product ID,Product Available to User (Y/N),Product Category,Product,Product Description,Material Description,Size/Options,Case Count (Units per Case),Gross Case Weight (lbs),Box Material,Box Weight as % of Gross Weight,Box Weight (lbs),Net Case Weight (lbs),Item Weight (lbs),Primary Material,Secondary Material (Lining/Wrapper),Secondary Material % of Weight,Primary Material Weight per Unit (lbs),Second Material Weight per Unit (lbs),Brand,Manufacturer Model Number,Resource Link
1,Y,Beverage Cups & Lids,Sleeve,Hot Cup Sleeve,Corrugated Paper,Standard,1000,10.4,Corrugated Cardboard,12.5%,1.30,9.10,0.0091,Corrugated Cardboard,,,0.0091,,Genuine Joe,,http://www.amazon.com/Genuine-Joe-GJO19049PK-Protective-Corrugated/dp/B00CDY0IXA/ref=pd_sim_328_3?ie=UTF8&dpID=4109JzxiYNL&dpSrc=sims&preST=_AC_UL160_SR160%2C160_&refRID=0MD6JPMJRTGY0H7G1KF0
2,Y,Beverage Cups & Lids,Cold Cup,8 oz Foam Cup,EPS (Polystyrene Foam),8 oz,1000,6.5,Corrugated Cardboard,23.5%,1.53,4.97,0.0050,EPS Foam,,,0.0050,,DART,,http://www.amazon.com/8J8-Bottom-Diameter-Height-White/dp/B00QFKCGGK/ref=sr_1_1?ie=UTF8&qid=1460138651&sr=8-1&keywords=8+oz+foam+cup
3,Y,Beverage Cups & Lids,Cold Cup,12 oz Foam Cup,EPS (Polystyrene Foam),12 oz,1000,10,Corrugated Cardboard,23.5%,2.35,7.65,0.0077,EPS Foam,,,0.0077,,DART,,http://www.amazon.com/12J12-Capacity-Bottom-Diameter-Insulated/dp/B004NG89SC/ref=pd_sim_328_7?ie=UTF8&dpID=31-kIel2aRL&dpSrc=sims&preST=_AC_UL160_SR160%2C160_&refRID=09YTK56S8DP8RSANNF4G
4,Y,Beverage Cups & Lids,Cold Cup,16 oz Foam Cup,EPS (Polystyrene Foam),16 oz,1000,13.4,Corrugated Cardboard,23.5%,3.15,10.25,0.0103,EPS Foam,,,0.0103,,DART,,http://www.amazon.com/16J16-Bottom-Diameter-Height-Drink/dp/B004EHZ906/ref=sr_1_sc_2?s=industrial&ie=UTF8&qid=1460138895&sr=1-2-spell&keywords=16+oz+datr+foam+cup
5,Y,Beverage Cups & Lids,Hot Cup,8 oz Foam Cup,EPS (Polystyrene Foam),8 oz,1000,6.5,Corrugated Cardboard,23.5%,1.53,4.97,0.0050,EPS Foam,,,0.0050,,DART,,http://www.amazon.com/8J8-Bottom-Diameter-Height-White/dp/B00QFKCGGK/ref=sr_1_1?ie=UTF8&qid=1460138651&sr=8-1&keywords=8+oz+foam+cup
6,Y,Beverage Cups & Lids,Hot Cup,12 oz Foam Cup,EPS (Polystyrene Foam),12 oz,1000,10,Corrugated Cardboard,23.5%,2.35,7.65,0.0077,EPS Foam,,,0.0077,,DART,,http://www.amazon.com/12J12-Capacity-Bottom-Diameter-Insulated/dp/B004NG89SC/ref=pd_sim_328_7?ie=UTF8&dpID=31-kIel2aRL&dpSrc=sims&preST=_AC_UL160_SR160%2C160_&refRID=09YTK56S8DP8RSANNF4G
7,Y,Beverage Cups & Lids,Hot Cup,16 oz Foam Cup,EPS (Polystyrene Foam),16 oz,1000,13.4,Corrugated Cardboard,23.5%,3.15,10.25,0.0103,EPS Foam,,,0.0103,,DART,,http://www.amazon.com/16J16-Bottom-Diameter-Height-Drink/dp/B004EHZ906/ref=sr_1_sc_2?s=industrial&ie=UTF8&qid=1460138895&sr=1-2-spell&keywords=16+oz+datr+foam+cup
8,Y,Takeout Containers & Lids,Clamshell,3 Compartment clamshell,Foam,"8"" x 8""",200,7.1,Corrugated Cardboard,12.5%,0.89,6.21,0.0311,EPS Foam,,,0.0311,,Dart,,
9,Y,Takeout Containers & Lids,Clamshell,"5.9"" x 6"" Single Compartment Clamshell Container",Foam,"6"" x 6"" ",500,10.1,Corrugated Cardboard,12.5%,1.26,8.84,0.0177,EPS Foam,,,0.0177,,Dart,,http://www.amazon.com/Length-Sandwich-Carryout-Container-125-Pack/dp/B004NG8CJS/ref=pd_sim_328_3?ie=UTF8&dpID=31K018KQkpL&dpSrc=sims&preST=_AC_UL160_SR160%2C160_&refRID=0EE5G8BVPN5B5D2DM516
10,Y,Condiment Packets,Mustard,Mustard (.2 oz ea),Plastic,Standard,200,2.7,Corrugated Cardboard,12.5%,0.34,2.36,0.0118,Plastic (LDPE),,,0.0118,,Heinz,,http://www.amazon.com/Heinz-Mild-Mustard-200-case/dp/B004HJ0K1E/ref=sr_1_39_s_it?s=grocery&ie=UTF8&qid=1462572187&sr=1-39&keywords=mayonnaise+packets
11,Y,Condiment Packets,Creamer,Individual Creamers (.3 oz ea),Plastic + foil,Standard,180,4.8,Corrugated Cardboard,12.5%,0.60,4.20,0.0233,Plastic (LDPE),Aluminum,20%,0.0187,0.004666666667,Coffee- Mate,,http://www.amazon.com/Coffee-mate-Creamer-Original-0-375-Ounce-Creamers/dp/B00451SGZ6/ref=pd_bxgy_325_img_2?ie=UTF8&refRID=15J543F565RYZG4564DH
12,Y,Condiment Packets,Ketchup,Ketchup (.32 oz ea),Plastic + foil,Standard,200,4.6,Corrugated Cardboard,12.5%,0.58,4.03,0.0201,Plastic (LDPE),Aluminum,20%,0.0161,0.004025,Heinz,,http://www.amazon.com/Heinz-Tomato-Ketchup-0-32-Ounce-Packages/dp/B0025UCAII/ref=sr_1_22_s_it?s=grocery&ie=UTF8&qid=1462571955&sr=1-22&keywords=Mustard+packets
13,Y,Condiment Packets,Mayonaise,Mayonaise (.43 oz ea),Plastic + foil,Standard,50,1.5,Corrugated Cardboard,12.5%,0.19,1.31,0.0263,Plastic (LDPE),Aluminum,20%,0.0210,0.00525,Kraft,,http://www.amazon.com/50-packets-Kraft-portion-control/dp/B003THRYC8/ref=sr_1_2_s_it?s=grocery&ie=UTF8&qid=1462571667&sr=1-2&keywords=mayonnaise+packet
14,Y,Condiment Packets,Soy Sauce,Soy Sauce (.25 fl oz ea),Plastic + foil,Standard,500,10.4,Corrugated Cardboard,12.5%,1.30,9.10,0.0182,Plastic (LDPE),Aluminum,20%,0.0146,0.00364,KIMLAN,,http://www.amazon.com/Kimlan-Soy-Sauce-box-500/dp/B004I0ENP6/ref=sr_1_5_s_it?s=grocery&ie=UTF8&qid=1462572516&sr=1-5&keywords=soy+sauce+packets
15,Y,Plates and Bowls (Dinnerware),Plate,"10 3/8""-Dinner Plate- Molded Fiber",Molded Fiber,"10""",100,5.3,Corrugated Cardboard,12.5%,0.66,4.64,0.0464,Molded Fiber (Paper),Plastic (LDPE),10%,0.0417,0.0046375,Chinet,,http://www.amazon.com/Chinet-Dinner-Plate-100-count-Box/dp/B002YD8GBG/ref=sr_1_5?s=industrial&ie=UTF8&qid=1461958715&sr=1-5&keywords=paper+plates
16,Y,Plates and Bowls (Dinnerware),Plate,"6.75"" Paper Plate",Molded Fiber,"6.75""",210,4,Corrugated Cardboard,12.5%,0.50,3.50,0.0167,Molded Fiber (Paper),Plastic (LDPE),10%,0.0150,0.001666666667,Chinet,,http://www.amazon.com/Chinet-Classic-Dessert-35-Count-Packages/dp/B001F0RCB4/ref=sr_1_6_a_it?ie=UTF8&qid=1461971567&sr=8-6&keywords=6%22+chinet+plate
17,Y,Takeout Containers & Lids,Clamshell,"White 3-Section Clamshell Container, 9"" L x 9"" W",Bagasse,"9"" x 9""",200,24.6,Corrugated Cardboard,12.5%,3.08,21.53,0.1076,Molded Fiber (Plant),,,0.1076,,Southern Champion Tray,,http://www.amazon.com/Southern-Champion-Tray-18930-ChampWare/dp/B010073CY8/ref=sr_1_11?s=industrial&ie=UTF8&qid=1461951716&sr=1-11&keywords=3+compartment+take+out+containers
18,Y,Plates and Bowls (Dinnerware),Bowl,12 oz Fiber Bowl,Wood Pulp and Corn,12 oz,500,13.4,Corrugated Cardboard,12.5%,1.68,11.73,0.0235,Molded Fiber (Plant),,,0.0235,,World Centric,,http://www.amazon.com/World-Centric-Wood-12-Ounce-Barrel/dp/B0038KXXXA/ref=sr_1_20?ie=UTF8&qid=1461972057&sr=8-20&keywords=compostable+bowl
19,Y,Plates and Bowls (Dinnerware),Bowl,Lid for 12 oz Fiber Bowl,Wood Pulp and Corn,12 oz,500,7.7,Corrugated Cardboard,12.5%,0.96,6.74,0.0135,Molded Fiber (Plant),,,0.0135,,World Centric,,http://www.amazon.com/World-Centric-Wood-12-Ounce-Barrel/dp/B0038KXXYY/ref=pd_bxgy_79_img_2?ie=UTF8&refRID=1JAGRBPD6JWDM9H7ZDWY
20,Y,Beverage Cups & Lids,Cold Cup,12 oz Paper Cold Cup,Paper + Poly-coat,12 oz,1000,17,Corrugated Cardboard,12.5%,2.13,14.88,0.0149,Paper,Plastic (LDPE),10%,0.0134,0.0014875,Karat,,http://www.amazon.com/Lollicup-C-KCP12-Coke-Karat-Coca-Cola/dp/B00QPV4GLC/ref=sr_1_4?s=industrial&ie=UTF8&qid=1460146361&sr=1-4&keywords=lollicup+paper+cold+cups
21,Y,Beverage Cups & Lids,Cold Cup,16 oz Paper Cold Cup,Paper + Poly-coat,16 oz,1000,24.3,Corrugated Cardboard,12.5%,3.04,21.26,0.0213,Paper,Plastic (LDPE),10%,0.0191,0.00212625,Karat,,http://www.amazon.com/Lollicup-C-KCP16-Coke-Karat-Coca-Cola/dp/B00QPV4EV4/ref=pd_sbs_328_1?ie=UTF8&dpID=41nOfTf8mNL&dpSrc=sims&preST=_AC_UL320_SR216%2C320_&refRID=01371Q829NWNMVZP96ZD
22,Y,Beverage Cups & Lids,Cold Cup,22 oz Paper Cold Cup,Paper + Poly-coat,22 oz,1000,30.8,Corrugated Cardboard,12.5%,3.85,26.95,0.0270,Paper,Plastic (LDPE),10%,0.0243,0.002695,Karat,,http://www.amazon.com/Lollicup-C-KCP22-Coke-Karat-Coca-Cola/dp/B00QPV49OG/ref=pd_sim_328_3?ie=UTF8&dpID=31YPwp1dRsL&dpSrc=sims&preST=_AC_UL320_SR170%2C320_&refRID=1JVTHP595H07M2TZPZWA
23,Y,Beverage Cups & Lids,Hot Cup,10 oz Compostable Hot Cup,PLA lined paper,10 oz,1000,22.5,Corrugated Cardboard,12.5%,2.81,19.69,0.0197,Paper,Compostable Plastic (PLA),7%,0.0183,0.001378125,World Centric,,http://www.amazon.com/World-Centric-CU-PA-12-K-Compostable-Kraft/dp/B0114EBRQQ/ref=pd_sbs_328_2?ie=UTF8&dpID=41706NNP08L&dpSrc=sims&preST=_AC_UL320_SR260%2C320_&refRID=1ZG586BY50H04Y6E6F81
24,Y,Beverage Cups & Lids,Hot Cup,12 oz Compostable Hot Cup,PLA lined paper,12 oz,1000,25.4,Corrugated Cardboard,12.5%,3.18,22.23,0.0222,Paper,Compostable Plastic (PLA),7%,0.0207,0.00155575,World Centric,,http://www.amazon.com/World-Centric-CU-PA-12-K-Compostable-Kraft/dp/B0114EBRQQ/ref=pd_sbs_328_2?ie=UTF8&dpID=41706NNP08L&dpSrc=sims&preST=_AC_UL320_SR260%2C320_&refRID=1ZG586BY50H04Y6E6F81
25,Y,Beverage Cups & Lids,Hot Cup,16 oz Compostable Hot Cup,PLA lined paper,16 oz,1000,30.8,Corrugated Cardboard,12.5%,3.85,26.95,0.0270,Paper,Compostable Plastic (PLA),7%,0.0251,0.0018865,World Centric,,http://www.amazon.com/World-Centric-CU-PA-12-K-Compostable-Kraft/dp/B0114EBRQQ/ref=pd_sbs_328_2?ie=UTF8&dpID=41706NNP08L&dpSrc=sims&preST=_AC_UL320_SR260%2C320_&refRID=1ZG586BY50H04Y6E6F81
26,Y,Beverage Cups & Lids,Hot Cup,8 oz Hot Cup Paper,Polyethylene lined,8 oz,1000,19.2,Corrugated Cardboard,12.5%,2.40,16.80,0.0168,Paper,Plastic (LDPE),7%,0.0156,0.001176,Solo,,http://www.amazon.com/378W-2050-Single-Sided-Paper-Capacity-White/dp/B0040ZOVHO/ref=pd_sim_328_6?ie=UTF8&dpID=21sZEyELu4L&dpSrc=sims&preST=_AC_UL160_SR160%2C160_&refRID=1JD0HMVPWRVAP81Z2Z23
27,Y,Beverage Cups & Lids,Hot Cup,12 oz Hot Cup Paper,Polyethylene lined,12 oz,1000,26,Corrugated Cardboard,12.5%,3.25,22.75,0.0228,Paper,Plastic (LDPE),7%,0.0212,0.0015925,Solo,,http://www.amazon.com/412WN-2050-Single-Sided-Paper-Capacity-White/dp/B0040ZOVTW/ref=lp_8894761011_1_2?srs=8894761011&ie=UTF8&qid=1460148646&sr=8-2
28,Y,Beverage Cups & Lids,Hot Cup,16 oz Hot Cup Paper,Polyethylene lined,16 oz,1000,33.2,Corrugated Cardboard,12.5%,4.15,29.05,0.0291,Paper,Plastic (LDPE),7%,0.0270,0.0020335,Solo,,http://www.amazon.com/316W-2050-White-Paper-Singlepoly-Tubes/dp/B0040ZOUQG/ref=pd_sim_328_2?ie=UTF8&dpID=21n05aOLitL&dpSrc=sims&preST=_AC_UL160_SR160%2C160_&refRID=0TR94WM2WBHBWC42SQC2
29,Y,Beverage Cups & Lids,Hot Cup,20 oz Hot Cup Paper,Polyethylene lined,20 oz,600,22.4,Corrugated Cardboard,12.5%,2.80,19.60,0.0327,Paper,Plastic (LDPE),7%,0.0304,0.002286666667,Solo,,http://www.amazon.com/420W-2050-Single-Sided-Paper-Capacity-White/dp/B0040ZOVXS/ref=pd_sim_328_3?ie=UTF8&dpID=21ybNydWCxL&dpSrc=sims&preST=_AC_UL160_SR160%2C160_&refRID=157JSFQVN62EPMGD0C7M
30,Y,Condiment Packets,Pepper,Pepper (.1 gm ea),Paper,Standard,800,0.4,Corrugated Cardboard,12.5%,0.05,0.35,0.0004,Paper,,,0.0004,,N'Joy,,http://www.amazon.com/NJOY-Pepper-800-ct-packets/dp/B001GHSK6C/ref=sr_1_1_s_it?s=grocery&ie=UTF8&qid=1462572437&sr=1-1&keywords=pepper+packets
31,Y,Condiment Packets,Salt Packet,Salt (.5 gm ea),Paper,Standard,1200,1.3,Corrugated Cardboard,12.5%,0.16,1.14,0.0009,Paper,,,0.0009,,N'Joy,,http://www.amazon.com/NJOY-Iodized-Salt-200-Packets/dp/B001GI0QOK/ref=sr_1_1_s_it?s=grocery&ie=UTF8&qid=1462572304&sr=1-1&keywords=salt+packets
32,Y,Condiment Packets,Sugar,Sugar in the Raw (5 grams ea),Paper,5 grams,1200,13.9,Corrugated Cardboard,12.5%,1.74,12.16,0.0101,Paper,,,0.0101,,Sugar in the Raw,,http://www.amazon.com/Sugar-Raw-1200-Packets-Case/dp/B005O1AISY
33,Y,Condiment Packets,Sugar,Sugar Packet (.1 oz ea),Paper,.1 oz,2000,13.9,Corrugated Cardboard,12.5%,1.74,12.16,0.0061,Paper,,,0.0061,,C & H Sugar,,http://www.amazon.com/C-H-Sugar-Case-2000/dp/B003ODXI86/ref=sr_1_6_s_it?s=grocery&ie=UTF8&qid=1462571585&sr=1-6&keywords=sugar+packet
34,Y,Takeout Containers & Lids,Box,"#4 Closing Food Box-  7.75"" x 5.5"" x 3.5""",Poly-coated Kraft Paper,#4,90,13.4,Corrugated Cardboard,12.5%,1.68,11.73,0.1303,Paper,Plastic (LDPE),10%,0.1173,0.01302777778,Inno-Pak,,http://www.amazon.com/Inno-Pak-192045724-Inno-Box-Kraft-7-75/dp/B00LV4WXZ4/ref=pd_sim_328_6?ie=UTF8&dpID=31uhvgA8LAL&dpSrc=sims&preST=_AC_UL160_SR160%2C160_&refRID=0MW61PQQEYCQPW7ERGVX
35,Y,Takeout Containers & Lids,Box,"#8 Closing Food Box- 6"" x 4.75"" x 2.5""","Poly-coated, Kraft Paper",#8,130,11.2,Corrugated Cardboard,12.5%,1.40,9.80,0.0754,Paper,Plastic (LDPE),10%,0.0678,0.007538461538,Inno-Pak,,http://www.amazon.com/Inno-Pak-191368623-Inno-Box-Kraft-4-75/dp/B00LV4Q3C8/ref=pd_sbs_328_1?ie=UTF8&dpID=310wbmKzcYL&dpSrc=sims&preST=_AC_UL160_SR160%2C160_&refRID=0F4059TA7K6F91GHX4WT
36,Y,Food Cups & Lids,Soup or Ice Cream Cup,6/8 oz Paper Soup Cup,Paper (SBS),6/8 oz,500,12.65,Corrugated Cardboard,12.5%,1.58,11.07,0.0221,Paper,Plastic (LDPE),10%,0.0199,0.00221375,Inno-Pak,,http://www.innopak.com/product/food-service/take-out-packaging/paper-food-containers/
37,Y,Food Cups & Lids,Soup or Ice Cream Cup,8/10 oz Paper Soup Cups,Paper (SBS),8/10 oz,500,12,Corrugated Cardboard,12.5%,1.50,10.50,0.0210,Paper,Plastic (LDPE),10%,0.0189,0.0021,Inno-Pak,,http://www.innopak.com/product/food-service/take-out-packaging/paper-food-containers/
38,Y,Food Cups & Lids,Soup or Ice Cream Cup,12 oz Paper Soup Cup,Paper (SBS),12 oz,500,15.8,Corrugated Cardboard,12.5%,1.98,13.83,0.0277,Paper,Plastic (LDPE),10%,0.0249,0.002765,Inno-Pak,,http://www.innopak.com/product/food-service/take-out-packaging/paper-food-containers/
39,Y,Food Cups & Lids,Soup or Ice Cream Cup,16 oz Paper Soup Cup,Paper (SBS),16 oz,500,20,Corrugated Cardboard,12.5%,2.50,17.50,0.0350,Paper,Plastic (LDPE),10%,0.0315,0.0035,Inno-Pak,,http://www.innopak.com/product/food-service/take-out-packaging/paper-food-containers/
40,Y,Food Trays,Food Tray,Paper Food Tray (3lb),Polycoated Paper,3 lb,500,13.6,Corrugated Cardboard,12.5%,1.70,11.90,0.0238,Paper,Plastic (LDPE),10%,0.0214,0.00238,Georgia Pacific- Dixie,,http://catalog.gppro.com/catalog/9386/16431?filter=FULL
41,Y,Food Trays,Food Tray,Paper Food Tray (2lb),Polycoated Paper,2 lb,1000,14.75,Corrugated Cardboard,12.5%,1.84,12.91,0.0129,Paper,Plastic (LDPE),10%,0.0116,0.001290625,Georgia Pacific- Dixie,,http://catalog.gppro.com/catalog/9386/16432?filter=FULL
42,Y,Food Trays,Food Tray,Paper Food Tray (1 lb),Polycoated Paper,1 lb,1000,13.3,Corrugated Cardboard,12.5%,1.66,11.64,0.0116,Paper,Plastic (LDPE),10%,0.0105,0.00116375,Georgia Pacific- Dixie,,http://catalog.gppro.com/catalog/9386/16440?filter=FULL
43,Y,Food Trays,Food Tray,Paper Food Tray (.5 lb),Polycoated Paper,0.5 lb,1000,10.7,Corrugated Cardboard,12.5%,1.34,9.36,0.0094,Paper,Plastic (LDPE),10%,0.0084,0.00093625,Georgia Pacific- Dixie,KL50W,https://www.gppro.com//gp/p/KL50W?site=gppro
44,Y,Food Trays,Food Tray,Paper Food Tray (5 lb),Polycoated Paper,5 lb,500,19.4,Corrugated Cardboard,12.5%,2.43,16.98,0.0340,Paper,Plastic (LDPE),10%,0.0306,0.003395,Georgia Pacific- Dixie,RP500,https://www.gppro.com//gp/p/RP500?site=gppro
45,Y,Food Wraps,Wrap (Wax Lined Paper),"Food Wrap- 12"" X 10.75""",Wax lined paper,"12"" x 10.75""",6000,39.42,Corrugated Cardboard,12.5%,4.93,34.49,0.0057,Paper,,,0.0057,,Dixie- Kabnet Wax,,http://catalog.gppro.com/catalog/13592/5696?filter=FULL
46,Y,Napkins,Napkin (Single Ply),Single-ply Napkin,"Paper ""natural"" (brown)",Standard,6000,21.1,Corrugated Cardboard,12.5%,2.64,18.46,0.0031,Paper,,,0.0031,,Tork,,http://www.amazon.com/Tork-DX906E-Universal-Xpressnap-Single-Ply/dp/B001D64HUO/ref=sr_1_2?ie=UTF8&qid=1460137205&sr=8-2&keywords=tork+1-ply+natural+napkins
47,Y,Napkins,Napkin (Single Ply),Single-ply Dispenser Napkin,Paper white,Standard,10000,29.54,Corrugated Cardboard,12.5%,3.69,25.85,0.0026,Paper,,,0.0026,,Georgia Pacific,,http://www.amazon.com/Georgia-Pacific-33201-Dispenser-Napkin-Length/dp/B000BARF8Y/ref=sr_1_1?ie=UTF8&qid=1460137395&sr=8-1&keywords=tall+fold+napkin
48,Y,Napkins,Dinner Napkin (Single Ply),Single-ply Dinner Napkin,Paper white,Standard,4200,32.85,Corrugated Cardboard,12.5%,4.11,28.74,0.0068,Paper,,,0.0068,,Georgia Pacific,,http://www.amazon.com/Georgia-Pacific-Acclaim-31558-Dinner-Sleeves/dp/B007CLQCFM/ref=sr_1_10?ie=UTF8&qid=1460137516&sr=8-10&keywords=1+ply+dinner+napkin
49,Y,Napkins,Dinner Napkin (Two Ply),Two-ply Dinner Napkin,Paper white,Standard,3000,33.64,Corrugated Cardboard,12.5%,4.21,29.44,0.0098,Paper,,,0.0098,,Georgia Pacific,,http://www.amazon.com/Georgia-Pacific-Preference-31436-Dinner-Napkin/dp/B004NG90GC/ref=sr_1_1?ie=UTF8&qid=1460137516&sr=8-1&keywords=1+ply+dinner+napkin
50,Y,Plates and Bowls (Dinnerware),Plate,"9"" White Paper Plate",100% Paper,"9""",1200,19,Corrugated Cardboard,12.5%,2.38,16.63,0.0139,Paper,Plastic (LDPE),10%,0.0125,0.001385416667,AJM Packaging,,http://www.amazon.com/AJM-Packaging-PP9GRAWH-White-Plates/dp/B004NG9FWQ/ref=pd_bxgy_328_2?ie=UTF8&refRID=030VAF5BAYKDEV5DETR5
51,Y,Plates and Bowls (Dinnerware),Plate,"6"" White Paper Plate",100% Paper,"6""",1000,7,Corrugated Cardboard,12.5%,0.88,6.13,0.0061,Paper,Plastic (LDPE),10%,0.0055,0.0006125,Georgia Pacific,,http://www.amazon.com/Dixie-702622WNP6-White-Economical-Plates/dp/B0171GC5RQ/ref=sr_1_8?ie=UTF8&qid=1461971694&sr=8-8&keywords=6%22+paper+plate
52,Y,Beverage Accessories,Cold Cup Lid,Lids for PET Cups,PET,,1000,7.7,Corrugated Cardboard,12.5%,0.96,6.74,0.0067,Plastic (#1 PET),,,0.0067,,Solo,626TS-0090,http://www.amazon.com/SOLO-Cup-Company-Ultra-Clear/dp/B00P1PA1K8/ref=sr_1_18?s=industrial&ie=UTF8&qid=1460158025&sr=1-18&keywords=PET+cup+cold+cup
53,Y,Beverage Accessories,Hot Cup Lid,12 oz-22 oz Lid- Flat for Paper Cold Cup,PET Plastic,12 - 22 oz,1000,5.9,Corrugated Cardboard,12.5%,0.74,5.16,0.0052,Plastic (#1 PET),,,0.0052,,Karat,,http://www.amazon.com/Lollicup-C-KCL90-Karat-Flat-Fits/dp/B00QPV43P6/ref=pd_bxgy_328_img_2?ie=UTF8&refRID=0Z65AKDPKT76C0Q260K4
54,Y,Beverage Cups & Lids,Cold Cup,7 oz Clear Plastic,PET,7 oz,1000,20,Corrugated Cardboard,12.5%,2.50,17.50,0.0175,Plastic (#1 PET),,,0.0175,,Solo,,http://www.amazon.com/SOLO-TP7-Ultra-Clear-Carton/dp/B00PZ9MUT0/ref=sr_1_6?s=industrial&ie=UTF8&qid=1460144989&sr=1-6&keywords=PET+cold+cup&refinements=p_n_feature_keywords_two_browse-bin%3A7020399011
55,Y,Beverage Cups & Lids,Cold Cup,12 oz Clear Cold Cup,PET,12 oz,50,1.3,Corrugated Cardboard,12.5%,0.16,1.14,0.0228,Plastic (#1 PET),,,0.0228,,A World of Deals,,http://www.amazon.com/World-Deals-Clear-Plastic-Cups/dp/B00W83JZNA/ref=sr_1_4?s=industrial&ie=UTF8&qid=1460144425&sr=1-4&keywords=12+oz+plastic+PET+cold+Cup
56,Y,Beverage Cups & Lids,Cold Cup,16 oz Clear Cold Cup,PET,16 oz,100,3.4,Corrugated Cardboard,12.5%,0.43,2.98,0.0298,Plastic (#1 PET),,,0.0298,,A World of Deals,,http://www.amazon.com/World-Deals-Clear-Plastic-Cups/dp/B001KJFPR8/ref=sr_1_3?s=industrial&ie=UTF8&qid=1460141150&sr=1-3&keywords=16+oz+PET+Plastic+Cold+Cup
57,Y,Beverage Cups & Lids,Cold Cup,20 oz Clear Cold Cup,PET,20 oz,600,25,Corrugated Cardboard,12.5%,3.13,21.88,0.0365,Plastic (#1 PET),,,0.0365,,Solo,,http://www.amazon.com/Solo-Foodservice-Ultra-TP20-Plastic/dp/B01CRJLTVU/ref=sr_1_fkmr0_1?s=industrial&ie=UTF8&qid=1460140938&sr=1-1-fkmr0&keywords=Dart+Solo+Conex+7N25+7+oz.+Translucent+Plastic+Cold+Cup
58,Y,Takeout Containers & Lids,Clamshell,"Hinged Clear Plastic Clamshell- 8-3/8"" Length x 8-1/4"" Width x 3",PET,"8"" x 8"" ",300,34.8,Corrugated Cardboard,12.5%,4.35,30.45,0.1015,Plastic (#1 PET),,,0.1015,,Choice Pak,,http://www.amazon.com/Choice-Pac-L1D-1115-clr-Polyethylene-Terephthalate-Clamshell/dp/B008N6V980/ref=sr_1_1?ie=UTF8&qid=1398294852&sr=8-1&keywords=l1d-1115
59,Y,Takeout Containers & Lids,Clamshell,"Hinged Clear Plastic Clamshell- 5 3/8"" x 5 1/4"" x 2 5/8""",PET,"5"" x 5"" ",50,1,Corrugated Cardboard,12.5%,0.13,0.88,0.0175,Plastic (#1 PET),,,0.0175,,World of Deals,,http://www.amazon.com/World-Deals-Plastic-Container-Sandwich/dp/B012BM1E68/ref=pd_sim_sbs_328_3?ie=UTF8&dpID=41MTZmvLN6L&dpSrc=sims&preST=_AC_UL160_SR160%2C160_&refRID=0XCZ5RA6MF0342RCGVTQ
60,Y,Takeout Containers & Lids,Clamshell,"Hinged Clear Recycled Plastic Clamshell 6"" x 6""",Recycled PET,"6"" x 6"" ",250,13.86,Corrugated Cardboard,12.5%,1.73,12.13,0.0485,Plastic (#1 PET),,,0.0485,,Bottle Box,,http://www.thebottlebox.com/shop/
61,Y,Takeout Containers & Lids,Clamshell,9 x 9 Hinged 3- Compartment Clear Recycled Plastic Clamshell,Recycled PET,"9"" x 9""",200,25.1,Corrugated Cardboard,12.5%,3.14,21.96,0.1098,Plastic (#1 PET),,,0.1098,,Bottle Box,,http://www.thebottlebox.com/shop/
62,Y,Beverage Cups & Lids,Cold Cup Lid,12-16 oz Compostable Lid,PLA,12 - 16 oz,200,0.9875,Corrugated Cardboard,12.5%,0.12,0.86,0.0043,Compostable Plastic (PLA),,,0.0043,,World Centric,,http://www.amazon.com/World-Centrics-100%25-Biodegradable-Compostable/dp/B004OFXE9Q/ref=sr_1_1?s=industrial&ie=UTF8&qid=1460145272&sr=1-1&keywords=world+centric+lid+for+cold+cups
63,Y,Beverage Cups & Lids,Hot Cup Lid,Compostable Hot Cup Lid,Corn Starch Compostable,10 - 20 oz,1000,10.2,Corrugated Cardboard,12.5%,1.28,8.93,0.0089,Compostable Plastic (PLA),,,0.0089,,World Centric,,http://www.amazon.com/World-Centric-Corn-Starch-Compostable/dp/B0038KXXGW/ref=pd_sim_328_1?ie=UTF8&dpID=2114u7MO2wL&dpSrc=sims&preST=_AC_UL160_SR160%2C160_&refRID=08YE0VABE92KYDWF4K03
64,Y,Beverage Cups & Lids,Cold Cup,7 oz Compostable Cold Cup,PLA,7 oz,1000,15,Corrugated Cardboard,12.5%,1.88,13.13,0.0131,Compostable Plastic (PLA),,,0.0131,,World Centric,,http://www.amazon.com/dp/B0093PSI7A/ref=twister_B0093PSGLI?_encoding=UTF8&psc=1
65,Y,Beverage Cups & Lids,Cold Cup,12 oz Compostable Cold  Cup,PLA,12 oz,200,2,Corrugated Cardboard,12.5%,0.25,1.75,0.0088,Compostable Plastic (PLA),,,0.0088,,World Centric,,http://www.amazon.com/World-Centrics-Biodegradable-Compostable-Package/dp/B004O4P6NO/ref=sr_1_3?s=industrial&ie=UTF8&qid=1460139856&sr=1-3&keywords=12+oz+PLA+cup
66,Y,Beverage Cups & Lids,Cold Cup,16 oz Compostable Cold Cup,PLA,16 oz,1000,25,Corrugated Cardboard,12.5%,3.13,21.88,0.0219,Compostable Plastic (PLA),,,0.0219,,Green Paper Products,,http://www.amazon.com/Clear-Corn-Plastic-Biodegradable-Cold/dp/B0093PSCO4/ref=sr_1_4?s=industrial&ie=UTF8&qid=1460140102&sr=1-4&keywords=16+oz+PLA+cup
67,Y,Beverage Cups & Lids,Cold Cup,20 oz Compostable Cold Cup,PLA,20 oz,200,4.8,Corrugated Cardboard,12.5%,0.60,4.20,0.0210,Compostable Plastic (PLA),,,0.0210,,World Centric,,http://www.amazon.com/World-Centrics-Biodegradable-Compostable-Package/dp/B004O4R36C/ref=sr_1_15?s=industrial&ie=UTF8&qid=1460144910&sr=1-15&keywords=20+oz+PLA+cold+cup
68,Y,Takeout Containers & Lids,Clamshell,Hinged Clear Compostable Clamshell- 8in x 8in x 3in,Ingeo PLA- corn,"8"" x 8"" ",160,13.8,Corrugated Cardboard,12.5%,1.73,12.08,0.0755,Compostable Plastic (PLA),,,0.0755,,Eco- Products Inc,,http://www.amazon.com/Eco-Products-Renewable-Compostable-Takeout-Container/dp/B004NG8F40/ref=sr_1_12?ie=UTF8&qid=1461954667&sr=8-12&keywords=compostable+plastic+clamshells+containers
69,Y,Takeout Containers & Lids,Clamshell,Hinged Composable Clamshell 6 x 6 x 3,Ingeo PLA-corn,"6"" x 6"" ",250,3.25,Corrugated Cardboard,12.5%,0.41,2.84,0.0114,Compostable Plastic (PLA),,,0.0114,,World Centric,,http://www.amazon.com/World-Centric-KL-CS-6-Compostable-Clamshell/dp/B0114EE1IC/ref=sr_1_21?ie=UTF8&qid=1461954193&sr=8-21&keywords=plastic+clamshells+containers
70,Y,Food Cups & Lids,Portion Cup,2 oz composable portion cup,PLA Corn,2 oz,2000,20,Corrugated Cardboard,12.5%,2.50,17.50,0.0088,Compostable Plastic (PLA),,,0.0088,,Fabri- Kal,,http://www.amazon.com/Corn-Plastic-Biodegradable-Portion-Cups/dp/B0093PRWHC/ref=sr_1_2?s=industrial&ie=UTF8&qid=1460154640&sr=1-2&keywords=PLA+portion+cup
71,Y,Food Cups & Lids,Portion Cup,4 oz compostable portion cup,PLA Corn,4 oz,100,1,Corrugated Cardboard,12.5%,0.13,0.88,0.0088,Compostable Plastic (PLA),,,0.0088,,Fabri- Kal,,http://www.amazon.com/Corn-Plastic-Biodegradable-Portion-Cups/dp/B0093PRXOO/ref=sr_1_1?s=industrial&ie=UTF8&qid=1460155042&sr=1-1&keywords=4+Oz.+Biodegradable+PLA+Corn+Plastic+Portion+Cup
72,Y,Food Cups & Lids,Portion Cup Lid,2 oz compostable portion cup lid,PLA Corn,2 oz,402,4,Corrugated Cardboard,12.5%,0.50,3.50,0.0087,Compostable Plastic (PLA),,,0.0087,,Fabri- Kal,,http://www.amazon.com/Corn-Plastic-Biodegradable-Portion-Lids/dp/B0093PSVBI/ref=sr_1_2?s=industrial&ie=UTF8&qid=1460155188&sr=1-2&keywords=2+oz+compostable+lid
73,Y,Food Cups & Lids,Portion Cup Lid,4 oz compostable portion cup lid,PLA Corn,4 oz,500,5,Corrugated Cardboard,12.5%,0.63,4.38,0.0088,Compostable Plastic (PLA),,,0.0088,,Fabri- Kal,,http://www.amazon.com/Biodegradable-Corn-Plastic-Portion-Lids/dp/B0093PT5Y0/ref=sr_1_16?s=industrial&ie=UTF8&qid=1460154942&sr=1-16&keywords=PLA+portion+cup
74,Y,Straws and Stirrers,Straw,Compostable Straw (Unwrapped),PLA,"8""",1200,3,Corrugated Cardboard,12.5%,0.38,2.63,0.0022,Compostable Plastic (PLA),,,0.0022,,World Centic,,http://www.amazon.com/World-Centric-STRT-CS-8-Compostable-Retail/dp/B01233YVUG/ref=sr_1_sc_3?ie=UTF8&qid=1460138510&sr=8-3-spell&keywords=world+centriccompostable+straws
75,Y,Utensils,Fork (Medium Weight),Fork (medium weight) Compostable,Corn Starch compostable,Standard,1000,13,Corrugated Cardboard,12.5%,1.63,11.38,0.0114,Compostable Plastic (PLA),,,0.0114,,World Centric,,http://www.amazon.com/dp/B0038KXY2U?psc=1
76,Y,Utensils,Knife (Medium Weight),Knife (medium weight) compostable,Corn Starch compostable,Standard,1000,12.1,Corrugated Cardboard,12.5%,1.51,10.59,0.0106,Compostable Plastic (PLA),,,0.0106,,World Centric,,http://www.amazon.com/dp/B0038KXY2U?psc=1
77,Y,Utensils,Compostable Spoon (Medium Weight),Spoon (medium weight) Compostable,PLA,Standard,1000,9.8,Corrugated Cardboard,12.5%,1.23,8.58,0.0086,Compostable Plastic (PLA),,,0.0086,,World Centric,,http://www.amazon.com/dp/B0114EH0K8?psc=1
78,Y,Utensils,Compostable Tasting Spoon,Tasting spoon Compostable,PLA,Standard,3000,9.8,Corrugated Cardboard,12.5%,1.23,8.58,0.0029,Compostable Plastic (PLA),,,0.0029,,World Centric,,http://www.amazon.com/World-Centric-SP-CS-3-Compostable-Tasting/dp/B0114EGAY0/ref=sr_1_1?srs=3028046011&ie=UTF8&qid=1460155691&sr=8-1&keywords=PLA+tasting+spoons
79,Y,Utensils,Compostable Soup Spoon (Medium Weight),Soup Spoon (medium weight) Compostable,TPLA,Standard,500,11.8,Corrugated Cardboard,12.5%,1.48,10.33,0.0207,Compostable Plastic (PLA),,,0.0207,,World Centric,,http://www.amazon.com/dp/B0114EGZR2?psc=1
80,Y,Food Cups & Lids,Soup or Ice Cream Cup Lid,6 oz - 16 oz Clear Plastic Soup LId,Polypropylene,6-16 oz,500,8.02,Corrugated Cardboard,12.5%,1.00,7.02,0.0140,Plastic (#5 PP),,,0.0140,,Inno-Pak,,http://www.innopak.com/product/food-service/take-out-packaging/paper-food-containers/
81,Y,Straws and Stirrers,Stir Stick,"Plastic Stir Straw 5""",Polypropelyne,"5""",1000,0.35,Corrugated Cardboard,12.5%,0.04,0.31,0.0003,Plastic (#5 PP),,,0.0003,,Crystalware,,http://www.amazon.com/Crystalware-Plastic-Stirrers-Inch-1000/dp/B00FW1PSTU/ref=sr_1_1?s=industrial&ie=UTF8&qid=1462312485&sr=1-1&keywords=Stir+straws
82,Y,Straws and Stirrers,Stir Stick,"Plastic Stir Straw 7.5""",Polypropylene,"7.5""",1000,0.5,Corrugated Cardboard,12.5%,0.06,0.44,0.0004,Plastic (#5 PP),,,0.0004,,Crystalware,,http://www.amazon.com/Crystalware-Plastic-Stirrers-Inch-1000/dp/B00FW1PSTU/ref=sr_1_1?s=industrial&ie=UTF8&qid=1462312485&sr=1-1&keywords=Stir+straws
83,Y,Straws and Stirrers,Straw,Plastic Straw (Unwrapped),Polypropylene,"7.75""",12500,16.25,Corrugated Cardboard,12.5%,2.03,14.22,0.0011,Plastic (#5 PP),,,0.0011,,Boardwalk,,http://www.amazon.com/Boardwalk-JSTU775T50-Plastic-Translucent-Unwrapped/dp/B00U7T8GZA/ref=sr_1_4?ie=UTF8&qid=1460138048&sr=8-4&keywords=unwrapped+plastic+straws
84,Y,Straws and Stirrers,Straw,Plastic Straw (Individually Wrapped),Polypropylene + Paper,"7.75""",500,0.8,Corrugated Cardboard,12.5%,0.10,0.70,0.0014,Plastic (#5 PP),Paper,19%,0.0011,0.000266,Crystalware,,http://www.amazon.com/Crystalware-Plastic-Straws-Individually-Wrapped/dp/B00ATJLQC8/ref=sr_1_1?ie=UTF8&qid=1460137731&sr=8-1&keywords=wrapped+straws
85,Y,Utensils,Fork (Medium Weight),Fork (medium weight),Polypropylene,Standard,1000,5.5,Corrugated Cardboard,12.5%,0.69,4.81,0.0048,Plastic (#5 PP),,,0.0048,,Crystalware,,http://www.amazon.com/Crystalware-FPPWP1000-Disposable-Medium-Plastic/dp/B00II5AMUM/ref=sr_1_9?ie=UTF8&qid=1460156446&sr=8-9&keywords=disposable+plastic+forks+bulk
86,Y,Utensils,Tasting Spoon,Tasting Spoon,Polypropylene,Standard,500,1.3,Corrugated Cardboard,12.5%,0.16,1.14,0.0023,Plastic (#5 PP),,,0.0023,,Daxwell,,http://www.amazon.com/Daxwell-Plastic-Weight-Taster-Length/dp/B00F6Q95QI/ref=sr_1_1?srs=3028046011&ie=UTF8&qid=1460155573&sr=8-1&keywords=plastic+tasting+spoons
87,Y,Beverage Cups & Lids,Cold Cup Lid,12- 20 oz lid for foam cup,PS (Polystyrene),12 - 20 oz,100,1,Corrugated Cardboard,23.5%,0.24,0.77,0.0077,Plastic (#6 PS),,,0.0077,,DART,,http://www.amazon.com/16RCL-White-Optima-Reclosable-Containers/dp/B011LTW5F6/ref=sr_1_10?s=industrial&ie=UTF8&qid=1460138981&sr=1-10&keywords=12-20+oz+lid+foam+cup
88,Y,Beverage Cups & Lids,Hot Cup Lid,12- 20 oz lid for foam cup,Polystyrene,12 - 20 oz,100,1,Corrugated Cardboard,23.5%,0.24,0.77,0.0077,Plastic (#6 PS),,,0.0077,,DART,,http://www.amazon.com/16RCL-White-Optima-Reclosable-Containers/dp/B011LTW5F6/ref=sr_1_10?s=industrial&ie=UTF8&qid=1460138981&sr=1-10&keywords=12-20+oz+lid+foam+cup
89,Y,Beverage Cups & Lids,Hot Cup Lid,8 oz Hot Cup lid,Polystyrene,8 oz,1000,6.1,Corrugated Cardboard,23.5%,1.43,4.67,0.0047,Plastic (#6 PS),,,0.0047,,Georgia Pacific- Dixie,,http://www.amazon.com/Dixie-9538DX-WiseSize-PerfecTouch-Single/dp/B004NG8DFG/ref=sr_1_1?ie=UTF8&qid=1460150840&sr=8-1&keywords=8+oz+coffee+cup+lids
90,Y,Beverage Cups & Lids,Hot Cup Lid,12 oz- 16 oz Hot Cup lid,Polystyrene,12 - 16 oz,1000,9.4,Corrugated Cardboard,23.5%,2.21,7.19,0.0072,Plastic (#6 PS),,,0.0072,,Solo,,http://www.amazon.com/SOLO-TLP316-0007-White-Traveler-Paper/dp/B004122WAE/ref=pd_sim_328_1?ie=UTF8&dpID=41tjPWL7nsL&dpSrc=sims&preST=_AC_UL160_SR160%2C160_&refRID=1JD0HMVPWRVAP81Z2Z23
91,Y,Beverage Cups & Lids,Hot Cup Lid,20 oz Hot Cup lid,Polystyrene,20 oz,500,4.2,Corrugated Cardboard,23.5%,0.99,3.21,0.0064,Plastic (#6 PS),,,0.0064,,Georgia Pacific-Dixie,,http://www.amazon.com/Dixie-9542500DX-WiseSize-10-16-PerfecTouch/dp/B004NG8DFQ/ref=sr_1_2?ie=UTF8&qid=1460151541&sr=8-2&keywords=20oz+lids
92,Y,Food Cups & Lids,Portion Cup,1 oz side cup Plastic,Polystyrene,1 oz,2500,8.2,Corrugated Cardboard,23.5%,1.93,6.27,0.0025,Plastic (#6 PS),,,0.0025,,Solo,,http://www.amazon.com/SOLO-P100N-PORTION-CONTAINER-Packs/dp/B0040ZP1IW/ref=pd_bxgy_328_img_2?ie=UTF8&refRID=0KAZXGGS71FGKT5MRGKC
93,Y,Food Cups & Lids,Portion Cup,2 oz side cup Plastic,Polystyrene,2 oz,2500,9.4,Corrugated Cardboard,23.5%,2.21,7.19,0.0029,Plastic (#6 PS),,,0.0029,,Solo,,http://www.amazon.com/B200N-0100-Polystyrene-Souffle-Capacity-Translucent/dp/B005LX17EE/ref=pd_sim_328_2?ie=UTF8&dpID=215CiZacAmL&dpSrc=sims&preST=_AC_UL160_SR160%2C160_&refRID=0M7YQESKB2KB4K0QV076
94,Y,Food Cups & Lids,Portion Cup,4 oz side cup Plastic,Polystyrene,4 oz,2400,18.5,Corrugated Cardboard,23.5%,4.35,14.15,0.0059,Plastic (#6 PS),,,0.0059,,Georgia Pacific- Dixie,,http://www.amazon.com/P040TRANSLUC-Translucent-Plastic-Souffle-Capacity/dp/B0171GDE6M/ref=sr_1_29?s=industrial&ie=UTF8&qid=1460153841&sr=1-29&keywords=4+oz+portion+cup
95,Y,Food Cups & Lids,Portion Cup Lid,1 oz lid  Plastic,Polystyrene,1 oz,5000,6,Corrugated Cardboard,23.5%,1.41,4.59,0.0009,Plastic (#6 PS),,,0.0009,,Solo,,http://www.amazon.com/SOLO-PL1-0090-Polystyrene-Souffl%C3%A9-Cup/dp/B0040ZP2EA/ref=sr_1_14?ie=UTF8&qid=1460153205&sr=8-14&keywords=polystyrene+portion+cup
96,Y,Food Cups & Lids,Portion Cup Lid,2 oz lid Plastic,Polystyrene,2 oz,2500,8,Corrugated Cardboard,23.5%,1.88,6.12,0.0024,Plastic (#6 PS),,,0.0024,,Solo,,http://www.amazon.com/PL2-0090-Polystyrene-Souffl%C3%A9-Portion-without/dp/B0040ZP2EK/ref=pd_bxgy_328_2?ie=UTF8&refRID=1K7NHJ0X0HH7QWZ50D2Z
97,Y,Food Cups & Lids,Portion Cup Lid,4 oz lid Plastic,Polystyrene,4 oz,2400,7,Corrugated Cardboard,23.5%,1.65,5.36,0.0022,Plastic (#6 PS),,,0.0022,,Georgia Pacific- Dixie,,http://www.amazon.com/PL4-Plastic-Souffle-Translucent-Sleeves/dp/B007G0X2DO/ref=pd_sim_sbs_328_6?ie=UTF8&dpID=31JRpTO0GcL&dpSrc=sims&preST=_AC_UL160_SR160%2C160_&refRID=0ZBV9A05SG6MV37S3Q1D
98,Y,Plates and Bowls (Dinnerware),Bowl,12 oz Bowl Plastic,Polystyrene,12 oz,500,8.6,Corrugated Cardboard,12.5%,1.08,7.53,0.0151,Plastic (#6 PS),,,0.0151,,Solo,,http://www.amazon.com/SOLO-PSB2W-0099-Polystyrene-Capacity-White/dp/B0040ZP2YA/ref=sr_1_3?srs=8894761011&ie=UTF8&qid=1461971356&sr=8-3&keywords=solo+plastic+bowls
99,Y,Plates and Bowls (Dinnerware),Plate,"10.25""-Dinner Plate- Plastic",Polystyrene,"10""",500,32.2,Corrugated Cardboard,12.5%,4.03,28.18,0.0564,Plastic (#6 PS),,,0.0564,,Solo,,http://www.amazon.com/PS15W-0099-10-25-Deep-Well-Plastic-Plate/dp/B0040ZP2OA/ref=sr_1_11_s_it?s=hpc&ie=UTF8&qid=1461970133&sr=1-11&keywords=polystyrene+plastic+plates
100,Y,Plates and Bowls (Dinnerware),Plate,"6"" Plate Plastic",Polystyrene,"6""",1000,16.4,Corrugated Cardboard,12.5%,2.05,14.35,0.0144,Plastic (#6 PS),,,0.0144,,Solo,,http://www.amazon.com/Solo-Foodservice-P65R-0099-Medium-Plastic/dp/B0040ZP268/ref=sr_1_45?srs=8894761011&ie=UTF8&qid=1461971462&sr=8-45&keywords=solo+plastic+bowls
101,Y,Utensils,Fork (Heavy Weight),Fork (heavy weight),Polystyrene,Standard,1000,15,Corrugated Cardboard,23.5%,3.53,11.48,0.0115,Plastic (#6 PS),,,0.0115,,Georgia Pacific-Dixie,,http://www.amazon.com/Dixie-FH517-Weight-Polystyrene-Length/dp/B0171GB6YE/ref=sr_1_10?ie=UTF8&qid=1460156446&sr=8-10&keywords=disposable+plastic+forks+bulk
102,Y,Utensils,Knife (Heavy Weight),Knife (heavy weight),Polystyrene,Standard,1000,15,Corrugated Cardboard,23.5%,3.53,11.48,0.0115,Plastic (#6 PS),,,0.0115,,Georgia Pacific-Dixie,,http://www.amazon.com/Dixie-FH517-Weight-Polystyrene-Length/dp/B0171GB6YE/ref=sr_1_10?ie=UTF8&qid=1460156446&sr=8-10&keywords=disposable+plastic+forks+bulk
103,Y,Utensils,Soup Spoon (Medium Weight),Soup Spoon (medium weight),Polystyrene,Standard,1000,9.1,Corrugated Cardboard,23.5%,2.14,6.96,0.0070,Plastic (#6 PS),,,0.0070,,Georgia Pacific-Dixie,,http://www.amazon.com/Dixie-FH517-Weight-Polystyrene-Length/dp/B0171GB6YE/ref=sr_1_10?ie=UTF8&qid=1460156446&sr=8-10&keywords=disposable+plastic+forks+bulk
104,Y,Utensils,Teaspoon (Heavy Weight),Teaspoon (heavy weight),Polystyrene,Standard,1000,9.2,Corrugated Cardboard,23.5%,2.16,7.04,0.0070,Plastic (#6 PS),,,0.0070,,Georgia Pacific-Dixie,,http://www.amazon.com/Dixie-FH517-Weight-Polystyrene-Length/dp/B0171GB6YE/ref=sr_1_10?ie=UTF8&qid=1460156446&sr=8-10&keywords=disposable+plastic+forks+bulk
105,Y,Straws and Stirrers,Stir Stick,"7.5"" Wooden Stirrers",Birchwood,"7.5""",1000,2.2,Corrugated Cardboard,12.5%,0.28,1.93,0.0019,Wood,,,0.0019,,Perfect Stix,,http://www.amazon.com/Perfect-Stix-Wooden-Coffee-Stirrer/dp/B019ZDUNK4/ref=sr_1_2?s=industrial&ie=UTF8&qid=1462312651&sr=1-2&keywords=wood+stirrer
106,Y,Straws and Stirrers,Stir Stick,"5."" Wooden Stirrers",Birchwood,"5""",1000,1,Corrugated Cardboard,12.5%,0.13,0.88,0.0009,Wood,,,0.0009,,Perfect Stix,,http://www.amazon.com/Perfect-Stix-Wooden-Coffee-Stirrer/dp/B019ZDUULG/ref=sr_1_4?s=industrial&ie=UTF8&qid=1462312651&sr=1-4&keywords=wood+stirrer
107,Y,Tooth Picks,Tooth Picks,Unwrapped Wood Toothpicks,Wood (White Birch),Standard,19200,5.7,Corrugated Cardboard,12.5%,0.71,4.99,0.0003,Wood,,,0.0003,,Royal,,http://www.amazon.com/Royal-Round-Toothpicks-Natural-Carton/dp/B00WC1XW46/ref=sr_1_8?s=kitchen&ie=UTF8&qid=1462643844&sr=1-8&keywords=unwrapped+toothpicks
108,Y,Tooth Picks,Tooth Picks,Individually Wrapped Wood Toothpicks,Wood (White Birch) w/PLA Wrapper,Standard,1000,0.4,Corrugated Cardboard,12.5%,0.05,0.35,0.0004,Wood,Compostable Plastic (PLA),10%,0.0003,0.000035,Royal Plain,,http://www.amazon.com/Royal-Individual-Wrapped-Toothpicks-Package/dp/B015OQ4XV6/ref=sr_1_5?s=kitchen&ie=UTF8&qid=1462643684&sr=1-5&keywords=wrapped+toothpicks
109,Y,Utensils,Chopsticks,Wood chopsticks in a paper sleeve,Wood + Paper,Standard,40,0.2,Corrugated Cardboard,12.5%,0.03,0.18,0.0044,Wood,Paper,10%,0.0039,0.0004375,Genroku,,http://www.amazon.com/Disposable-Chopsticks-pack-40-pair/dp/B00196Y96K/ref=sr_1_15?ie=UTF8&qid=1460156816&sr=8-15&keywords=chop+sticks
110,N,Food Cups & Lids,Soup or Ice Cream Cup Lid,6 oz- 16 oz paper double walled lid,Paper (SBS),6-16 oz,500,13.67,Corrugated Cardboard,12.5%,1.71,11.96,0.0239,Paper,Plastic (LDPE),10%,0.0215,0.00239225,Inno-Pak,,